"","CustomerID","Churn"
"1","2585-KTFRE","No"
"2","3707-GNWHM","Yes"
"3","3298-QEICA","No"
"4","0750-EBAIU","No"
"5","7734-DBOAI","Yes"
"6","9786-IJYDL","No"
"7","8958-JPTRR","No"
"8","1641-BYBTK","No"
"9","5307-UVGNB","No"
"10","9495-REDIY","No"
"11","3810-PJUHR","No"
"12","6892-XPFPU","Yes"
"13","7047-FWEYA","No"
"14","3569-VLDHH","No"
"15","5515-AKOAJ","No"
"16","9504-DSHWM","No"
"17","5624-BQSSA","No"
"18","8878-RYUKI","No"
"19","2794-XIMMO","No"
"20","8467-WYNSR","No"
"21","2672-OJQZP","Yes"
"22","7649-SIJJF","No"
"23","6845-RGTYS","Yes"
"24","4912-PIGUY","Yes"
"25","5696-QURRL","Yes"
"26","4847-QNOKA","Yes"
"27","3227-WLKLI","No"
"28","6806-YDEUL","No"
"29","8679-LZBMD","No"
"30","2586-CWXVV","No"
"31","2931-SVLTV","No"
"32","8996-ZROXE","No"
"33","3374-PZLXD","No"
"34","7558-IMLMT","No"
"35","5301-GAUUY","No"
"36","1472-TNCWL","Yes"
"37","7083-YNSKY","No"
"38","5981-ZVXOT","No"
"39","7129-ACFOG","No"
"40","8384-FZBJK","No"
"41","8670-ERCJH","No"
"42","3506-OVLKD","No"
"43","0379-DJQHR","No"
"44","2049-BAFNW","Yes"
"45","0810-DHDBD","No"
"46","2640-PMGFL","No"
"47","1307-ATKGB","Yes"
"48","6972-SNKKW","No"
"49","0406-BPDVR","No"
"50","4254-QPEDE","No"
"51","6345-FZOQH","No"
"52","9286-BHDQG","No"
"53","6599-RCLCJ","No"
"54","2792-LSHWX","Yes"
"55","2446-BEGGB","Yes"
"56","8752-IMQOS","No"
"57","7552-KEYGT","No"
"58","2542-HYGIQ","No"
"59","6654-QGBZZ","No"
"60","0701-TJSEF","No"
"61","1196-AMORA","Yes"
"62","7742-MYPGI","No"
"63","1020-JPQOW","No"
"64","4847-TAJYI","Yes"
"65","4484-GLZOU","No"
"66","7601-DHFWZ","No"
"67","8865-TNMNX","No"
"68","6969-MVBAI","Yes"
"69","6394-HHHZM","No"
"70","5027-YOCXN","No"
"71","5090-EMGTC","No"
"72","4102-OQUPX","Yes"
"73","5353-WILCI","No"
"74","9067-SQTNS","No"
"75","2180-DXNEG","Yes"
"76","9938-ZREHM","No"
"77","3164-YAXFY","No"
"78","9477-LGWQI","No"
"79","6504-VBLFL","No"
"80","2805-EDJPQ","No"
"81","7750-EYXWZ","No"
"82","3317-VLGQT","Yes"
"83","5934-TSSAU","No"
"84","0626-QXNGV","No"
"85","2650-GYRYL","No"
"86","4349-GFQHK","Yes"
"87","9638-JIQYA","Yes"
"88","0956-ACVZC","No"
"89","0139-IVFJG","Yes"
"90","9317-WZPGV","Yes"
"91","2455-USLMV","No"
"92","6502-KUGLL","No"
"93","2858-EIMXH","No"
"94","3969-JQABI","No"
"95","4277-BWBML","No"
"96","2951-QOQTK","Yes"
"97","5915-ANOEI","No"
"98","3891-PUQOD","Yes"
"99","7008-LZVOZ","No"
"100","1043-UXOVO","No"
"101","2578-JQPHZ","No"
"102","3156-QLHBO","No"
"103","5519-NPHVG","Yes"
"104","8988-ECPJR","No"
"105","9152-AMKAK","No"
"106","1964-SVLEA","No"
"107","7041-TXQJH","No"
"108","8746-OQQRW","No"
"109","8800-JOOCF","Yes"
"110","1042-HFUCW","No"
"111","7188-CBBBA","No"
"112","8019-ENHXU","No"
"113","9397-TZSHA","No"
"114","5269-NRGDP","No"
"115","2111-DWYHN","No"
"116","2919-HBCJO","Yes"
"117","9432-RUVSL","No"
"118","6140-QNRQQ","Yes"
"119","5760-FXFVO","Yes"
"120","9308-ANMVE","No"
"121","5906-CVLHP","No"
"122","6480-YAGIY","No"
"123","3308-JSGML","No"
"124","9030-QGZNL","No"
"125","1536-HBSWP","Yes"
"126","6710-HSJRD","No"
"127","8085-MSNLK","No"
"128","1401-FTHFQ","No"
"129","6656-GULJQ","No"
"130","6916-HIJSE","No"
"131","2483-XSSMZ","No"
"132","0016-QLJIS","No"
"133","5025-GOOKI","No"
"134","6377-WHAOX","No"
"135","7493-GVFIO","No"
"136","3780-YVMFA","No"
"137","9274-CNFMO","Yes"
"138","4999-IEZLT","No"
"139","4285-GYRQC","Yes"
"140","7356-IWLFW","No"
"141","6164-HXUGH","No"
"142","8436-BJUMM","Yes"
"143","4983-CLMLV","No"
"144","7691-KGKGP","No"
"145","6988-CJEYV","No"
"146","0701-RFGFI","No"
"147","1460-UZPRJ","No"
"148","6131-JLWZM","No"
"149","0670-KDOMA","No"
"150","2207-OBZNX","No"
"151","8165-ZJRNM","No"
"152","2925-VDZHY","No"
"153","9369-XFEHK","No"
"154","3066-RRJIO","Yes"
"155","9067-YGSCA","No"
"156","5356-KZCKT","No"
"157","2720-FVBQP","No"
"158","6305-YLBMM","No"
"159","0324-BRPCJ","No"
"160","0442-TDYUO","No"
"161","2955-BJZHG","Yes"
"162","1013-QCWAM","No"
"163","8401-EMUWF","No"
"164","5480-TBGPH","No"
"165","9648-BCHKM","No"
"166","3411-WLRSQ","Yes"
"167","1545-ACTAS","No"
"168","6910-HADCM","Yes"
"169","9639-BUJXT","No"
"170","8735-SDUFN","No"
"171","2207-QPJED","No"
"172","8189-DUKMV","No"
"173","2146-EGVDT","No"
"174","7049-GKVZY","No"
"175","4825-XJGDM","No"
"176","6692-YQHXC","No"
"177","1237-WIYYZ","No"
"178","1442-BQPVU","No"
"179","2528-HFYZX","Yes"
"180","5172-RKOCB","No"
"181","8347-GDTMP","No"
"182","5656-MJEFC","No"
"183","2320-TZRRH","No"
"184","6120-RJKLU","No"
"185","5863-OOKCL","No"
"186","9576-SYUHJ","Yes"
"187","7206-GZCDC","Yes"
"188","7957-RYHQD","No"
"189","4355-CVPVS","No"
"190","0988-AADSA","No"
"191","8414-OOEEL","No"
"192","8295-KMENE","No"
"193","0197-PNKNK","No"
"194","4626-OZDTJ","No"
"195","7929-DMBCV","No"
"196","6890-PFRQX","No"
"197","1064-FBXNK","No"
"198","9860-LISIZ","No"
"199","2959-EEXWB","No"
"200","5443-SCMKX","No"
"201","1810-BOHSY","No"
"202","0187-WZNAB","No"
"203","7089-XXAYG","No"
"204","3571-DPYUH","No"
"205","9522-BNTHX","No"
"206","2754-VDLTR","Yes"
"207","3292-PBZEJ","Yes"
"208","6981-TDRFT","No"
"209","6599-SFQVE","No"
"210","1395-OFUWC","No"
"211","1304-BCCFO","No"
"212","0902-RFHOF","No"
"213","9114-DPSIA","No"
"214","7851-WZEKY","Yes"
"215","8775-ERLNB","Yes"
"216","8499-BRXTD","No"
"217","9170-GYZJC","No"
"218","6651-AZVTJ","No"
"219","6603-QWSPR","No"
"220","4203-QGNZA","No"
"221","0942-KOWSM","No"
"222","3082-VQXNH","Yes"
"223","0440-EKDCF","No"
"224","4361-BKAXE","No"
"225","3528-HFRIQ","No"
"226","3096-GKWEB","Yes"
"227","0637-UBJRP","Yes"
"228","1661-CZBAU","No"
"229","1918-ZBFQJ","Yes"
"230","5233-AOZUF","Yes"
"231","7581-EBBOU","No"
"232","8237-ULIXL","No"
"233","4656-CAURT","No"
"234","1025-FALIX","No"
"235","9661-ACXBS","Yes"
"236","1193-RTSLK","No"
"237","7338-ERIVA","No"
"238","6103-LIANB","No"
"239","9871-ELEYA","No"
"240","5302-BDJNT","No"
"241","1564-NTYXF","Yes"
"242","2800-QQUSO","No"
"243","5478-JJVZK","No"
"244","2157-MXBJS","No"
"245","8690-UPCZI","No"
"246","0260-ZDLGK","No"
"247","7663-CUXZB","No"
"248","2739-CCZMB","No"
"249","4592-IWTJI","No"
"250","7550-WIQVA","No"
"251","3351-NGXYI","No"
"252","8645-KWHJO","No"
"253","4737-HOBAX","No"
"254","7839-QRKXN","No"
"255","3985-HOYPM","No"
"256","0895-DQHEW","No"
"257","1583-IHQZE","Yes"
"258","7134-MJPDY","No"
"259","3143-ILDAL","No"
"260","6680-NENYN","No"
"261","3061-BCKYI","No"
"262","8905-IAZPF","No"
"263","1644-IRKSF","No"
"264","9448-REEVD","Yes"
"265","4844-JJWUY","Yes"
"266","0506-YLVKJ","No"
"267","9544-PYPSJ","No"
"268","8400-WZICQ","No"
"269","0816-TSPHQ","No"
"270","6022-UGGSO","Yes"
"271","5514-YQENT","No"
"272","0128-MKWSG","No"
"273","7036-TYDEC","No"
"274","4307-KTUMW","No"
"275","3500-RMZLT","Yes"
"276","0880-FVFWF","No"
"277","7619-PLRLP","No"
"278","6010-DDPPW","No"
"279","5797-APWZC","Yes"
"280","6681-ZSEXG","No"
"281","9845-PEEKO","No"
"282","2120-SMPEX","No"
"283","8738-JOKAR","No"
"284","6481-ESCNL","No"
"285","4918-FYJNT","No"
"286","4488-PSYCG","No"
"287","1764-VUUMT","No"
"288","5730-DBDSI","No"
"289","4884-ZTHVF","Yes"
"290","3717-OFRTN","No"
"291","1596-BBVTG","No"
"292","5226-NOZFC","Yes"
"293","0428-IKYCP","No"
"294","6729-FZWSY","No"
"295","1707-HABPF","No"
"296","1299-AURJA","No"
"297","0137-UDEUO","No"
"298","7560-QRBXH","No"
"299","7785-RDVIG","No"
"300","5480-HPRRX","Yes"
"301","8644-XYTSV","No"
"302","4782-OSFXZ","No"
"303","3392-EHMNK","No"
"304","7351-MHQVU","No"
"305","4523-WXCEF","No"
"306","5115-GZDEL","No"
"307","8076-FEZKJ","No"
"308","9112-WSNPU","Yes"
"309","1971-DTCZB","No"
"310","2208-NKVVH","No"
"311","7291-CDTMJ","No"
"312","0754-UKWQP","Yes"
"313","3057-VJJQE","No"
"314","3347-YJZZE","No"
"315","0723-VSOBE","No"
"316","4716-MRVEN","No"
"317","1849-RJYIG","No"
"318","9013-AQORL","No"
"319","3373-DIUUN","No"
"320","2575-GFSOE","Yes"
"321","5996-EBTKM","No"
"322","8292-FRFZQ","No"
"323","7120-RFMVS","Yes"
"324","8404-FYDIB","No"
"325","2750-BJLSB","No"
"326","2845-HSJCY","Yes"
"327","4662-EKDPQ","Yes"
"328","7131-ZQZNK","No"
"329","7710-JSYOA","No"
"330","5600-PDUJF","No"
"331","1371-DWPAZ","No"
"332","5092-STPKP","No"
"333","2982-IHMFT","Yes"
"334","9715-WZCLW","No"
"335","9114-VEPUF","No"
"336","4039-PIMHX","No"
"337","5868-YTYKS","No"
"338","9526-JAWYF","Yes"
"339","5343-SGUBI","No"
"340","4854-CIDCF","Yes"
"341","3373-YZZYM","No"
"342","5884-GCYMI","Yes"
"343","5365-LLFYV","Yes"
"344","8080-DDEMJ","Yes"
"345","6569-KTMDU","No"
"346","9992-UJOEL","Yes"
"347","5442-BHQNG","Yes"
"348","0508-SQWPL","No"
"349","6941-PMGEP","Yes"
"350","9191-MYQKX","Yes"
"351","8414-MYSHR","Yes"
"352","3671-SHRSP","Yes"
"353","2774-LVQUS","Yes"
"354","7621-VPNET","No"
"355","9025-ZRPVR","No"
"356","7668-XCFYV","Yes"
"357","9332-GYWLO","No"
"358","6993-YGFJV","No"
"359","6635-CPNUN","No"
"360","4011-ARPHK","No"
"361","9565-DJPIB","Yes"
"362","2725-TTRIQ","No"
"363","7501-IWUNG","No"
"364","2898-MRKPI","No"
"365","5148-ORICT","No"
"366","1157-BQCUW","Yes"
"367","5203-XEHAX","No"
"368","6837-HAEVO","No"
"369","9046-JBFWA","No"
"370","8152-VETUR","No"
"371","5846-QFDFI","No"
"372","0520-FDVVT","No"
"373","2607-DHDAK","No"
"374","4976-LNFVV","No"
"375","4391-LNRXK","No"
"376","2302-OUZXB","No"
"377","3249-ZPQRG","Yes"
"378","9708-HPXWZ","No"
"379","7978-DKUQH","Yes"
"380","4652-NNHNY","No"
"381","8901-UPRHR","No"
"382","8979-CAMGB","No"
"383","4450-DLLMH","Yes"
"384","4895-TMWIR","No"
"385","7602-MVRMB","No"
"386","3750-CKVKH","Yes"
"387","3146-MSEGF","No"
"388","3841-NFECX","No"
"389","4487-ZYJZK","No"
"390","3858-XHYJO","No"
"391","9912-OMZDS","No"
"392","7103-ZGVNT","No"
"393","8337-UPOAQ","Yes"
"394","7184-LRUUR","No"
"395","1335-MXCSE","No"
"396","2070-FNEXE","Yes"
"397","0003-MKNFE","No"
"398","3612-YUNGG","No"
"399","2137-DQMEV","No"
"400","8845-LWKGE","No"
"401","4290-BSXUX","Yes"
"402","5364-EVNIB","Yes"
"403","3320-VEOYC","Yes"
"404","1984-FCOWB","No"
"405","7018-WBJNK","Yes"
"406","8806-EAGWC","Yes"
"407","2969-WGHQO","No"
"408","3694-DELSO","No"
"409","8263-JQAIK","Yes"
"410","7753-USQYQ","No"
"411","3982-DQLUS","No"
"412","7989-AWGEH","No"
"413","4959-JOSRX","Yes"
"414","1494-EJZDW","No"
"415","9185-TQCVP","Yes"
"416","6603-YRDCJ","No"
"417","6407-GSJNL","No"
"418","9415-DPEWS","No"
"419","1666-JXLKU","Yes"
"420","4060-LDNLU","Yes"
"421","0031-PVLZI","No"
"422","5055-BRMNE","No"
"423","2632-UCGVD","No"
"424","1120-BMWUB","No"
"425","0531-ZZJWQ","Yes"
"426","1357-MVDOZ","No"
"427","1689-MRZQR","Yes"
"428","2219-MVUSO","No"
"429","3537-RYBHH","No"
"430","4737-AQCPU","No"
"431","9430-NKQLY","No"
"432","4291-YZODP","No"
"433","5214-NLTIT","No"
"434","4211-MMAZN","No"
"435","3806-YAZOV","No"
"436","5780-INQIK","No"
"437","7945-PRBVF","No"
"438","7096-ZNBZI","No"
"439","2972-YDYUW","No"
"440","2387-KDZQY","No"
"441","1513-XNPPH","Yes"
"442","1360-RCYRT","No"
"443","9465-RWMXL","Yes"
"444","2243-FNMMI","No"
"445","4990-ALDGW","No"
"446","2971-SGAFL","No"
"447","2580-ASVVY","No"
"448","2947-DOMLJ","No"
"449","7538-GWHML","Yes"
"450","7074-STDCN","No"
"451","7841-FCRQD","No"
"452","5339-TJFEK","No"
"453","2382-BCKQJ","No"
"454","5504-WSIUR","No"
"455","0654-HMSHN","Yes"
"456","4659-NZRUF","Yes"
"457","5882-CMAZQ","No"
"458","1626-ERCMM","Yes"
"459","0376-YMCJC","No"
"460","9754-CLVZW","No"
"461","5998-VVEJY","No"
"462","6818-WOBHJ","No"
"463","2694-CIUMO","Yes"
"464","7963-GQRMY","Yes"
"465","7217-JYHOQ","No"
"466","4791-QRGMF","No"
"467","7384-GHBPI","Yes"
"468","6376-GAHQE","Yes"
"469","8755-OGKNA","No"
"470","5968-VXZLG","Yes"
"471","9720-JJJOR","No"
"472","4936-YPJNK","No"
"473","5044-XDPYX","No"
"474","4393-RYCRE","No"
"475","5753-QQWPW","No"
"476","8361-LTMKD","Yes"
"477","9087-EYCPR","No"
"478","7632-YUTXB","No"
"479","7301-ABVAD","No"
"480","6016-NXBNJ","No"
"481","1958-RNRKS","No"
"482","1084-UQCHV","Yes"
"483","3518-PZXZQ","Yes"
"484","3563-SVYLG","No"
"485","5318-IXUZF","Yes"
"486","1334-FJSVR","Yes"
"487","9000-PLFUZ","No"
"488","0980-PVMRC","No"
"489","9601-BRXPO","No"
"490","4676-MQUEA","No"
"491","6408-WHTEF","No"
"492","2612-PHGOX","No"
"493","9300-RENDD","Yes"
"494","0019-GFNTW","No"
"495","3714-JTVOV","No"
"496","9055-MOJJJ","No"
"497","0639-TSIQW","No"
"498","2272-JKMSI","No"
"499","8727-XDPUD","No"
"500","9110-HSGTV","No"
"501","1098-TDVUQ","No"
"502","4378-MYPGO","No"
"503","2480-EJWYP","No"
"504","4987-GQWPO","No"
"505","8290-YWKHZ","Yes"
"506","0971-QIFJK","No"
"507","2840-XANRC","Yes"
"508","7854-EDSSA","No"
"509","7054-LGEQW","Yes"
"510","1219-NNDDO","Yes"
"511","9445-ZUEQE","No"
"512","1194-SPVSP","No"
"513","3186-BAXNB","Yes"
"514","6696-YDAYZ","No"
"515","1710-RCXUS","No"
"516","1684-FLBGS","No"
"517","9921-EZKBY","No"
"518","2330-PQGDQ","No"
"519","0947-IDHRQ","Yes"
"520","3091-FYHKI","Yes"
"521","0103-CSITQ","No"
"522","1985-MBRYP","No"
"523","3069-SSVSN","No"
"524","3696-DFHHB","No"
"525","7945-HLKEA","No"
"526","5533-RJFTJ","No"
"527","6625-IUTTT","No"
"528","7639-LIAYI","No"
"529","2308-STERM","No"
"530","9885-CSMWE","Yes"
"531","2984-RGEYA","No"
"532","8775-CEBBJ","No"
"533","4915-BFSXL","No"
"534","2212-LYASK","No"
"535","6088-BXMRG","Yes"
"536","7100-FQPRV","No"
"537","0824-VWDPO","No"
"538","7346-MEDWM","No"
"539","4817-QRJSX","Yes"
"540","5281-BUZGT","Yes"
"541","9592-ERDKV","No"
"542","0842-IWYCP","No"
"543","3211-AAPKX","No"
"544","3721-WKIIL","No"
"545","5158-RIVOP","No"
"546","9518-RWHZL","No"
"547","1576-PFZIW","No"
"548","0305-SQECB","No"
"549","5906-BFOZT","No"
"550","1089-XZWHH","No"
"551","5288-AHOUP","Yes"
"552","9500-LTVBP","No"
"553","8174-LNWMW","No"
"554","2284-VFLKH","No"
"555","2138-VFAPZ","No"
"556","8731-WBBMB","No"
"557","0030-FNXPP","No"
"558","1399-OUPJN","No"
"559","6685-GBWJZ","No"
"560","4763-PGDPO","Yes"
"561","8046-DNVTL","No"
"562","4075-JFPGR","No"
"563","5539-TMZLF","Yes"
"564","0970-ETWGE","Yes"
"565","3750-RNQKR","No"
"566","3280-NMUVX","No"
"567","4365-MSDYN","No"
"568","3512-IZIKN","No"
"569","3130-ICDUP","Yes"
"570","3162-KKZXO","No"
"571","4063-EIKNQ","No"
"572","0042-JVWOJ","No"
"573","1904-WAJAA","No"
"574","6198-RTPMF","Yes"
"575","6646-JPPHA","Yes"
"576","1910-FMXJM","Yes"
"577","1322-AGOQM","No"
"578","9848-JQJTX","No"
"579","7634-WSWDB","No"
"580","8006-PYCSW","No"
"581","2863-IMQDR","No"
"582","7721-JXEAW","No"
"583","7205-BAIAD","No"
"584","4059-IIEBK","Yes"
"585","0732-OCQOC","No"
"586","6614-FHDBO","No"
"587","2004-OCQXK","Yes"
"588","8319-QBEHW","No"
"589","4742-DRORA","No"
"590","6368-TZZDT","No"
"591","0635-WKOLD","No"
"592","3128-YOVTD","No"
"593","5480-XTFFL","No"
"594","4283-IVYCI","No"
"595","3717-FDJFU","No"
"596","1898-JSNDC","No"
"597","6288-LBEAR","No"
"598","6331-EWIEB","Yes"
"599","7471-MQPOS","No"
"600","0191-ZHSKZ","No"
"601","3703-VAVCL","Yes"
"602","1195-OIYEJ","Yes"
"603","2378-VTKDH","No"
"604","0980-FEXWF","No"
"605","7321-KKSDU","No"
"606","4830-FAXFM","No"
"607","2012-NWRPA","Yes"
"608","2105-PHWON","No"
"609","0921-OHLVP","Yes"
"610","6701-DHKWQ","No"
"611","4957-TIALW","No"
"612","0594-UFTUL","No"
"613","6674-KVJHG","No"
"614","0207-MDKNV","Yes"
"615","2929-ERCFZ","Yes"
"616","9840-EFJQB","Yes"
"617","5285-MVEHD","No"
"618","4973-MGTON","No"
"619","6145-NNPNO","Yes"
"620","4030-VPZBD","Yes"
"621","7130-YXBRO","No"
"622","9802-CAQUT","No"
"623","5914-DVBWJ","No"
"624","9575-IWCAZ","No"
"625","4283-FUTGF","Yes"
"626","3079-BCHLN","No"
"627","9817-APLHW","No"
"628","3537-HPKQT","No"
"629","9323-HGFWY","No"
"630","9420-LOJKX","Yes"
"631","6283-GITPX","No"
"632","7707-PYBBH","No"
"633","2826-UWHIS","No"
"634","4039-HEUNW","Yes"
"635","5150-LJNSR","No"
"636","1385-TQOZW","No"
"637","4695-VADHF","No"
"638","5022-KVDQT","Yes"
"639","2126-GSEGL","No"
"640","1121-QSIVB","No"
"641","5549-ZGHFB","No"
"642","9068-VPWQQ","No"
"643","3995-WFCSM","Yes"
"644","2433-KMEAS","No"
"645","1767-TGTKO","No"
"646","9838-BFCQT","No"
"647","7542-CYDDM","No"
"648","9124-LHCJQ","Yes"
"649","6288-CHQJB","No"
"650","1447-PJGGA","No"
"651","4723-BEGSG","No"
"652","0625-AFOHS","No"
"653","2141-RRYGO","No"
"654","6092-QZVPP","No"
"655","3190-ITQXP","No"
"656","8083-YTZES","Yes"
"657","7850-THJMU","No"
"658","4658-HCOHW","No"
"659","4957-SREEC","No"
"660","4163-KIUHY","No"
"661","5146-CBVOE","No"
"662","3489-VSFRD","No"
"663","2273-QCKXA","Yes"
"664","4905-JEFDW","No"
"665","5862-BRIXZ","No"
"666","4685-TFLLS","No"
"667","8570-KLJYJ","No"
"668","0295-PPHDO","Yes"
"669","1502-XFCVR","No"
"670","2368-GAKKQ","No"
"671","3410-MHHUM","No"
"672","7014-ZZXAW","No"
"673","9052-VKDUW","No"
"674","1265-XTECC","No"
"675","0489-WMEMG","No"
"676","3426-NIYYL","No"
"677","4274-OWWYO","Yes"
"678","8062-YBDOE","Yes"
"679","7359-SSBJK","No"
"680","0354-WYROK","No"
"681","4072-IPYLT","No"
"682","2041-JIJCI","No"
"683","4250-WAROZ","No"
"684","0254-WWRKD","No"
"685","5173-ZXXXL","No"
"686","9385-EHGDO","No"
"687","3557-HTYWR","No"
"688","1965-AKTSX","Yes"
"689","7534-BFESC","Yes"
"690","0420-HLGXF","Yes"
"691","1360-XFJMR","No"
"692","5378-IKEEG","Yes"
"693","6103-BOCOU","Yes"
"694","8849-GYOKR","No"
"695","7503-QQRVF","No"
"696","6979-TNDEU","No"
"697","3726-TBHQT","No"
"698","1084-MNSMJ","No"
"699","3914-FDRHP","Yes"
"700","7803-XOCCZ","No"
"701","8903-WMRNW","Yes"
"702","7868-TMWMZ","No"
"703","5220-AGAAX","No"
"704","0691-IFBQW","No"
"705","5922-ABDVO","No"
"706","6568-POCUI","No"
"707","7695-PKLCZ","No"
"708","6893-ODYYE","No"
"709","7439-DKZTW","Yes"
"710","5168-MSWXT","Yes"
"711","4176-RELJR","No"
"712","1403-LKLIK","No"
"713","7114-AEOZE","No"
"714","5061-PBXFW","No"
"715","7613-LLQFO","Yes"
"716","1432-FPAXX","No"
"717","3090-HAWSU","No"
"718","9134-WYRVP","No"
"719","2320-SLKMB","No"
"720","4402-FTBXC","No"
"721","1728-BQDMA","Yes"
"722","5574-NXZIU","No"
"723","5839-SUYVZ","No"
"724","0742-NXBGR","Yes"
"725","0533-BNWKF","No"
"726","0337-CNPZE","Yes"
"727","1142-WACZW","Yes"
"728","7636-OWBPG","No"
"729","1023-BQXZE","No"
"730","6060-DRTNL","Yes"
"731","5465-BUBFA","No"
"732","6923-JHPMP","Yes"
"733","8073-IJDCM","No"
"734","7517-SAWMO","Yes"
"735","6350-XFYGW","Yes"
"736","9965-YOKZB","Yes"
"737","4111-BNXIF","No"
"738","8663-UPDGF","No"
"739","3587-PMCOY","No"
"740","6917-IAYHD","Yes"
"741","2404-JIBFC","No"
"742","6907-CQGPN","No"
"743","0744-BIKKF","No"
"744","5192-EBGOV","Yes"
"745","8063-GBATB","Yes"
"746","3213-VVOLG","No"
"747","8295-FHIVV","No"
"748","5895-QSXOD","Yes"
"749","2332-TODQS","No"
"750","2292-XQWSV","No"
"751","8859-AXJZP","No"
"752","4056-QHXHZ","No"
"753","7314-OXENN","Yes"
"754","2758-RNWXS","No"
"755","7266-GSSJX","No"
"756","9715-SBVSU","No"
"757","6211-WHMYA","No"
"758","4423-YLHDV","No"
"759","2245-ADZFJ","No"
"760","0862-PRCBS","No"
"761","2790-XUYMV","No"
"762","8775-LHDJH","Yes"
"763","1623-NLDOT","No"
"764","9828-AOQLM","Yes"
"765","4482-FTFFX","No"
"766","6769-DCQLI","No"
"767","1301-LOPVR","No"
"768","5655-JSMZM","Yes"
"769","4795-KTRTH","Yes"
"770","0771-CHWSK","No"
"771","4003-OCTMP","No"
"772","5883-GTGVD","Yes"
"773","1934-SJVJK","No"
"774","3657-COGMW","No"
"775","7470-MCQTK","No"
"776","8380-MQINP","No"
"777","9282-IZGQK","Yes"
"778","2229-DPMBI","No"
"779","1106-HRLKZ","No"
"780","8007-YYPWD","No"
"781","5827-MWCZK","No"
"782","2603-HVKCG","Yes"
"783","0810-BDHAW","No"
"784","1309-BXVOQ","No"
"785","4484-CGXFK","Yes"
"786","0471-ARVMX","No"
"787","4598-ZADCK","No"
"788","0248-IPDFW","Yes"
"789","8967-SZQAS","No"
"790","7808-DVWEP","No"
"791","4237-CLSMM","No"
"792","3170-GWYKC","No"
"793","5995-WWKKG","No"
"794","2522-WLNSF","No"
"795","8802-UNOJF","Yes"
"796","6217-KDYWC","No"
"797","2519-LBNQL","No"
"798","0486-LGCCH","No"
"799","1038-ZAGBI","No"
"800","2485-ITVKB","Yes"
"801","4302-ZYFEL","No"
"802","4186-ZBUEW","No"
"803","8903-XEBGX","Yes"
"804","6119-SPUDB","No"
"805","2851-MMUTZ","No"
"806","6840-RESVB","No"
"807","2923-ARZLG","No"
"808","3696-XRIEN","No"
"809","1751-NCDLI","Yes"
"810","2599-CZABP","No"
"811","5522-NYKPB","No"
"812","3627-FCRDW","Yes"
"813","4947-DSMXK","No"
"814","2985-FMWYF","Yes"
"815","3043-TYBNO","Yes"
"816","7729-XBTWX","No"
"817","7596-LDUXP","No"
"818","7072-MBHEV","Yes"
"819","2729-VNVAP","No"
"820","4797-MIWUM","No"
"821","9074-KGVOX","No"
"822","2380-DAMQP","No"
"823","6631-HMANX","No"
"824","8938-UMKPI","No"
"825","9863-JZAIC","No"
"826","0623-EJQEG","No"
"827","3221-CJMSG","No"
"828","6047-SUHPR","No"
"829","0519-DRGTI","No"
"830","2460-FPSYH","No"
"831","5027-XWQHA","No"
"832","9667-TKTVZ","Yes"
"833","8606-OEGQZ","No"
"834","6705-LNMDD","No"
"835","6723-WSNTY","No"
"836","9600-NAXZN","Yes"
"837","8707-RMEZH","No"
"838","5993-JSUWV","No"
"839","8849-AYPTR","Yes"
"840","2034-GDRCN","Yes"
"841","4710-NKCAW","No"
"842","8152-UOBNY","No"
"843","5999-LCXAO","No"
"844","5950-AAAGJ","No"
"845","0032-PGELS","No"
"846","5876-HZVZM","No"
"847","8232-CTLKO","No"
"848","2592-YKDIF","No"
"849","9894-EZEWG","Yes"
"850","7030-NJVDP","No"
"851","5275-PMFUT","No"
"852","2696-NARTR","Yes"
"853","3247-ZVOUO","Yes"
"854","1444-VVSGW","No"
"855","7145-FEJWU","Yes"
"856","1591-XWLGB","No"
"857","9705-IOVQQ","No"
"858","2908-WGAXL","No"
"859","9668-PUGNU","No"
"860","8756-RDDLT","No"
"861","2452-SNHFZ","No"
"862","6038-GCYEC","No"
"863","2676-SSLTO","No"
"864","6087-YPWHO","No"
"865","0840-DFEZH","Yes"
"866","9661-JALZV","No"
"867","0757-WCUUZ","No"
"868","5186-SAMNZ","Yes"
"869","3645-DEYGF","No"
"870","2706-QZIHY","No"
"871","4883-KCPZJ","No"
"872","6655-LHBYW","No"
"873","2373-NTKOD","No"
"874","3511-APPBJ","No"
"875","6313-GIDIT","No"
"876","1779-PWPMG","No"
"877","4250-FDVOU","No"
"878","4877-EVATK","No"
"879","5766-ZJYBB","No"
"880","4765-OXPPD","No"
"881","1571-SAVHK","Yes"
"882","8201-AAXCB","No"
"883","1965-DDBWU","No"
"884","5899-MQZZL","Yes"
"885","3672-YITQD","Yes"
"886","3580-REOAC","No"
"887","2996-XAUVF","No"
"888","2000-DHJUY","No"
"889","3720-DBRWL","No"
"890","0328-GRPMV","Yes"
"891","9090-SGQXL","No"
"892","4566-GOLUK","No"
"893","3345-PBBFH","No"
"894","7088-FBAWU","No"
"895","4238-JSSWH","No"
"896","9298-WGMRW","No"
"897","0567-XRHCU","No"
"898","7143-BQIBA","No"
"899","3896-ZVNET","No"
"900","7005-CCBKV","Yes"
"901","3982-JGSFD","No"
"902","6169-PPETC","No"
"903","6502-MJQAE","Yes"
"904","1376-HHBDV","No"
"905","7203-OYKCT","No"
"906","3258-SANFR","No"
"907","0769-MURVM","No"
"908","7876-AEHIG","No"
"909","2533-QVMSK","No"
"910","2364-UFROM","No"
"911","0988-JRWWP","Yes"
"912","5153-LXKDT","No"
"913","4195-SMMNX","No"
"914","8375-KVTHK","No"
"915","8541-QVFKM","Yes"
"916","9950-MTGYX","No"
"917","8992-VONJD","No"
"918","2233-FAGXV","No"
"919","1552-TKMXS","No"
"920","7228-PAQPD","No"
"921","1775-KWJKQ","No"
"922","4919-IKATY","Yes"
"923","9885-MFVSU","No"
"924","2235-DWLJU","No"
"925","0696-UKTOX","No"
"926","3363-EWLGO","No"
"927","8086-OVPWV","Yes"
"928","4671-VJLCL","No"
"929","0742-MOABM","No"
"930","8199-ZLLSA","No"
"931","7508-SMHXL","Yes"
"932","8325-QRPZR","Yes"
"933","2187-PKZAY","Yes"
"934","3898-BSJYF","No"
"935","1431-AIDJQ","No"
"936","4957-TREIR","No"
"937","5982-FPVQN","Yes"
"938","1658-BYGOY","Yes"
"939","2379-ENZGV","Yes"
"940","8034-RYTVV","No"
"941","6633-MPWBS","No"
"942","6873-UDNLD","No"
"943","9603-OAIHC","Yes"
"944","5816-JMLGY","No"
"945","0869-PAPRP","No"
"946","6950-TWMYB","No"
"947","0330-IVZHA","Yes"
"948","7938-OUHIO","Yes"
"949","2724-FJDYW","No"
"950","8559-CIZFV","No"
"951","6362-QHAFM","No"
"952","5644-PDMZC","Yes"
"953","4482-EWFMI","Yes"
"954","9432-VOFYX","Yes"
"955","1053-MXTTK","No"
"956","7711-YIJWC","No"
"957","5183-SNMJQ","Yes"
"958","4178-EGMON","No"
"959","5373-SFODM","No"
"960","4925-LMHOK","No"
"961","4488-KQFDT","No"
"962","5923-GXUOC","Yes"
"963","6340-DACFT","No"
"964","6435-SRWBJ","Yes"
"965","4929-ROART","No"
"966","4800-VHZKI","No"
"967","3859-CVCET","No"
"968","4853-RULSV","No"
"969","9362-MWODR","No"
"970","3023-GFLBR","No"
"971","9367-OIUXP","No"
"972","1810-MVMAI","No"
"973","4635-EJYPD","No"
"974","0259-GBZSH","Yes"
"975","3482-ABPKK","No"
"976","7813-TKCVO","No"
"977","1905-OEILC","No"
"978","4933-IKULF","No"
"979","1063-DHQJF","No"
"980","0480-BIXDE","Yes"
"981","8218-FFJDS","No"
"982","9236-NDUCW","No"
"983","6952-OMNWB","No"
"984","1902-XBTFB","Yes"
"985","5893-PYOLZ","No"
"986","3778-FOAQW","No"
"987","8181-YHCMF","No"
"988","8966-KZXXA","No"
"989","2718-GAXQD","No"
"990","8099-MZPUJ","No"
"991","7610-TVOPG","No"
"992","9924-JPRMC","No"
"993","1768-HNVGJ","No"
"994","0743-HRVFF","No"
"995","1078-TDCRN","Yes"
"996","5956-YHHRX","Yes"
"997","2692-PFYTJ","No"
"998","5519-YLDGW","Yes"
"999","3946-MHCZW","Yes"
"1000","9426-SXNHE","No"
"1001","9534-NSXEM","No"
"1002","6691-CCIHA","No"
"1003","7326-RIGQZ","Yes"
"1004","1766-GKNMI","Yes"
"1005","2263-SFSQZ","No"
"1006","2673-CXQEU","No"
"1007","0178-SZBHO","Yes"
"1008","4049-ZPALD","No"
"1009","8966-OIQHG","No"
"1010","4690-PKDQG","Yes"
"1011","1970-KKFWL","No"
"1012","4759-TRPLW","Yes"
"1013","4489-SNOJF","No"
"1014","2777-PHDEI","Yes"
"1015","4583-PARNH","No"
"1016","0107-YHINA","Yes"
"1017","8092-NLTGF","No"
"1018","2674-MLXMN","No"
"1019","9501-UKKNL","No"
"1020","5276-KQWHG","Yes"
"1021","0927-LCSMG","Yes"
"1022","3255-GRXMG","No"
"1023","5876-QMYLD","No"
"1024","9974-JFBHQ","No"
"1025","3795-GWTRD","No"
"1026","2314-TNDJQ","No"
"1027","3318-ISQFQ","No"
"1028","8908-NMQTX","No"
"1029","4116-TZAQJ","Yes"
"1030","5371-VYLSX","Yes"
"1031","5569-KGJHX","Yes"
"1032","2625-TRCZQ","No"
"1033","9507-EXLTT","Yes"
"1034","6578-KRMAW","No"
"1035","9060-HJJRW","No"
"1036","6023-YEBUP","Yes"
"1037","5229-PRWKT","Yes"
"1038","5693-PIPCS","No"
"1039","5175-AOBHI","No"
"1040","3115-CZMZD","No"
"1041","6372-RFVNS","Yes"
"1042","3472-OAOOR","No"
"1043","8799-OXZMD","No"
"1044","1022-RKXDR","No"
"1045","2868-SNELZ","Yes"
"1046","7853-OETYL","No"
"1047","8619-IJNDK","No"
"1048","6656-JWRQX","Yes"
"1049","2398-YPMUR","Yes"
"1050","4231-LZUYM","No"
"1051","7138-GIRSH","No"
"1052","3174-AKMAS","No"
"1053","0455-XFASS","Yes"
"1054","4335-BSMJS","No"
"1055","2889-FPWRM","No"
"1056","9441-QHEVC","No"
